"team","offense","defense","net_rating","rank","date"
"USA",3.60962164226307,-2.52784907261889,6.13747071488197,1,2019-06-06
"Germany",3.68293654338487,-2.35929971914482,6.04223626252969,2,2019-06-06
"France",3.31767967056421,-2.51972331912165,5.83740298968586,3,2019-06-06
"Brazil",3.22355857266407,-2.15622386989174,5.37978244255581,4,2019-06-06
"England",3.18716910849649,-2.17432960260417,5.36149871110066,5,2019-06-06
"Sweden",3.20836835298899,-2.12216466714445,5.33053302013344,6,2019-06-06
"Norway",3.19101637674708,-2.06810980739272,5.2591261841398,7,2019-06-06
"Canada",3.05223645938949,-2.17695966432862,5.22919612371811,8,2019-06-06
"Australia",3.2672398158193,-1.88378806231417,5.15102787813348,9,2019-06-06
"Switzerland",3.42085317276037,-1.72372443533485,5.14457760809522,10,2019-06-06
"Japan",3.28045189521578,-1.82120493688332,5.1016568320991,11,2019-06-06
"Netherlands",3.24849247144868,-1.85217395126207,5.10066642271075,12,2019-06-06
"Spain",2.91236666896723,-1.92000289650637,4.8323695654736,13,2019-06-06
"China PR",2.86223249654163,-1.95612198698208,4.81835448352371,14,2019-06-06
"Korea DPR",2.73564190856262,-2.04177612626653,4.77741803482915,15,2019-06-06
"Denmark",2.93421546933603,-1.81328270841019,4.74749817774622,16,2019-06-06
"Belgium",3.11025752492213,-1.52344184919525,4.63369937411738,17,2019-06-06
"Colombia",2.64324381685693,-1.89158674067193,4.53483055752886,18,2019-06-06
"Korea Republic",2.83329656484699,-1.69709838873443,4.53039495358142,19,2019-06-06
"Nigeria",2.89754621492029,-1.60326410418328,4.50081031910358,20,2019-06-06
"Iceland",2.79872712621727,-1.64825695927496,4.44698408549223,21,2019-06-06
"Italy",2.94819152140429,-1.46864936212746,4.41684088353175,22,2019-06-06
"Scotland",2.96352302330679,-1.31517770640248,4.27870072970927,23,2019-06-06
"New Zealand",2.53498707579686,-1.73463092659891,4.26961800239578,24,2019-06-06
"Cameroon",2.53927305310433,-1.6419950602488,4.18126811335314,25,2019-06-06
"Austria",2.82478998977473,-1.30296956926905,4.12775955904378,26,2019-06-06
"Ghana",2.49374457258976,-1.46127645776867,3.95502103035843,27,2019-06-06
"South Africa",2.27141283239641,-1.67142812662743,3.94284095902383,28,2019-06-06
"Mexico",2.63913997179642,-1.29117217687415,3.93031214867057,29,2019-06-06
"Paraguay",3.20757553292315,-0.707145497066562,3.91472102998971,30,2019-06-06
"Finland",2.55579398985991,-1.3581449915607,3.91393898142061,31,2019-06-06
"Republic of Ireland",2.39494405479036,-1.45318414819887,3.84812820298923,32,2019-06-06
"Ukraine",2.65254520433659,-1.16420958481011,3.8167547891467,33,2019-06-06
"Russia",2.59765913037528,-1.18188313188662,3.7795422622619,34,2019-06-06
"Equatorial Guinea",2.2962833850759,-1.4281710920795,3.7244544771554,35,2019-06-06
"Argentina",2.44763001514163,-1.24978805503625,3.69741807017787,36,2019-06-06
"Chile",2.23304476518872,-1.44829849485438,3.6813432600431,37,2019-06-06
"Costa Rica",2.486779235789,-1.15227760780222,3.63905684359122,38,2019-06-06
"Poland",2.55614599848419,-1.00474405416879,3.56089005265298,39,2019-06-06
"Wales",2.19507151202043,-1.25941940093264,3.45449091295307,40,2019-06-06
"Portugal",2.4019414726666,-1.04621409976992,3.44815557243652,41,2019-06-06
"Romania",2.21993442088598,-1.22734364231629,3.44727806320226,42,2019-06-06
"C担te d'Ivoire",2.42964328416124,-0.755771836288174,3.18541512044941,43,2019-06-06
"Czech Republic",2.28045833818724,-0.798785297586543,3.07924363577378,44,2019-06-06
"Hungary",2.48093334200177,-0.597346398375739,3.0782797403775,45,2019-06-06
"Croatia",1.95875837830868,-1.08819263368548,3.04695101199416,46,2019-06-06
"Venezuela",2.13856788973885,-0.794303431043744,2.9328713207826,47,2019-06-06
"Guinea",1.60340012972213,-1.32354000770215,2.92694013742429,48,2019-06-06
"Senegal",1.73686573320155,-1.19007440422271,2.92694013742427,49,2019-06-06
"Slovakia",2.14498688947593,-0.750573770523154,2.89556065999908,50,2019-06-06
"Jamaica",2.18470008896802,-0.681493448563417,2.86619353753143,51,2019-06-06
"Zimbabwe",1.88462292390055,-0.98037425391029,2.86499717781084,52,2019-06-06
"Serbia",2.33796731794738,-0.462177303319422,2.8001446212668,53,2019-06-06
"Thailand",2.01427510838213,-0.771106131361542,2.78538123974367,54,2019-06-06
"Slovenia",2.31385637184468,-0.418281166593172,2.73213753843786,55,2019-06-06
"Vietnam",2.05860691256844,-0.609301576562915,2.66790848913135,56,2019-06-06
"Algeria",2.16143907405522,-0.500164062291772,2.661603136347,57,2019-06-06
"Uruguay",2.27163084535771,-0.363723218811061,2.63535406416877,58,2019-06-06
"Bosnia and Herzegovina",1.61087014962628,-0.999504673036938,2.61037482266322,59,2019-06-06
"Trinidad and Tobago",1.82982488156516,-0.780238354016272,2.61006323558143,60,2019-06-06
"Ecuador",1.97191155094204,-0.625394320596165,2.59730587153821,61,2019-06-06
"Gabon",2.7779010326868,0.221354434782826,2.55654659790398,62,2019-06-06
"Tunisia",2.14097543421023,-0.405802643597949,2.54677807780817,63,2019-06-06
"Zambia",1.92100437499218,-0.518526463876802,2.43953083886898,64,2019-06-06
"Northern Ireland",1.71107942085875,-0.706972262455525,2.41805168331427,65,2019-06-06
"Mali",2.02517413685965,-0.270514105535741,2.29568824239539,66,2019-06-06
"Haiti",1.58817929911595,-0.697432961453783,2.28561226056974,67,2019-06-06
"Namibia",1.85734314710754,-0.426972626653852,2.28431577376139,68,2019-06-06
"Egypt",1.74049206276559,-0.517544632773988,2.25803669553958,69,2019-06-06
"Turkey",1.85704440494148,-0.394028309249114,2.25107271419059,70,2019-06-06
"Chinese Taipei",1.44771414293825,-0.764750283545048,2.21246442648329,71,2019-06-06
"Israel",1.42650065537865,-0.770345774277664,2.19684642965632,72,2019-06-06
"Tanzania",1.92062223514227,-0.274591944322136,2.19521417946441,73,2019-06-06
"Myanmar",1.90767209084637,-0.252375522616024,2.1600476134624,74,2019-06-06
"Greece",1.87564312340988,-0.277136543233784,2.15277966664367,75,2019-06-06
"Cuba",1.26981992603029,-0.758547771417985,2.02836769744827,76,2019-06-06
"Panama",2.0073406051832,0.00475910525032708,2.00258149993288,77,2019-06-06
"Belarus",1.67070029728086,-0.299820764579962,1.97052106186082,78,2019-06-06
"Ethiopia",1.23947729394382,-0.695766227635386,1.93524352157921,79,2019-06-06
"Guyana",1.64609036773904,-0.247469900581594,1.89356026832064,80,2019-06-06
"Guatemala",1.56830807450571,-0.313923536544593,1.8822316110503,81,2019-06-06
"Jordan",1.5683821310437,-0.261429044007881,1.82981117505158,82,2019-06-06
"Kenya",1.27386087259847,-0.539747322957038,1.81360819555551,83,2019-06-06
"Kazakhstan",1.37539384586349,-0.43005858524956,1.80545243111304,84,2019-06-06
"Rwanda",1.78354856980524,0.0357323538211953,1.74781621598404,85,2019-06-06
"Peru",0.47087512602817,-1.26130814877201,1.73218327480018,86,2019-06-06
"Bolivia",1.62180564750352,-0.0542169015514604,1.67602254905498,87,2019-06-06
"Uzbekistan",1.44811853699909,-0.176117270297391,1.62423580729649,88,2019-06-06
"El Salvador",1.38048407082956,-0.19704133020081,1.57752540103037,89,2019-06-06
"Faroe Islands",1.49047524116243,-0.0716164353275532,1.56209167648998,90,2019-06-06
"Botswana",1.44292343504342,-0.00833315555714842,1.45125659060057,91,2019-06-06
"Morocco",0.625544101376362,-0.785969053612765,1.41151315498913,92,2019-06-06
"Montenegro",1.6536656173006,0.284130218054806,1.3695353992458,93,2019-06-06
"Martinique",1.54369108057516,0.222575042900475,1.32111603767469,94,2019-06-06
"Puerto Rico",1.31135898536874,0.0627555677991181,1.24860341756962,95,2019-06-06
"Lesotho",2.03921916934864,0.807235462360233,1.23198370698841,96,2019-06-06
"Honduras",1.709012625183,0.479043383102946,1.22996924208006,97,2019-06-06
"Moldova",0.84899137505536,-0.377180116811411,1.22617149186677,98,2019-06-06
"Albania",1.12218517599525,-0.0839663867654128,1.20615156276066,99,2019-06-06
"Bulgaria",1.40654070751208,0.243621028922029,1.16291967859005,100,2019-06-06
"Georgia",1.20316420907353,0.0675552799711263,1.1356089291024,101,2019-06-06
"Philippines",1.30080068753066,0.182472772405619,1.11832791512504,102,2019-06-06
"Malta",1.10034756134649,0.00412318561560099,1.09622437573089,103,2019-06-06
"Estonia",1.01457336102836,-0.0454924458454036,1.06006580687376,104,2019-06-06
"Iran",1.44965867506621,0.470362343596265,0.979296331469947,105,2019-06-06
"Dominican Republic",1.66717198559357,0.730688026153184,0.936483959440388,106,2019-06-06
"Madagascar",0.951747033919116,0.0690145791241021,0.882732454795013,107,2019-06-06
"Cyprus",0.951216558600368,0.0831223879144938,0.868094170685874,108,2019-06-06
"Congo",0.700440053892347,-0.0893025043134217,0.789742558205769,109,2019-06-06
"FYR Macedonia",1.2989717686394,0.586657281398415,0.712314487240987,110,2019-06-06
"Papua New Guinea",1.04711780646087,0.415443000666162,0.631674805794711,111,2019-06-06
"Burkina Faso",0.241525854735817,-0.342178683039775,0.583704537775592,112,2019-06-06
"Swaziland",1.42935241554083,0.870400642833172,0.558951772707661,113,2019-06-06
"Nicaragua",0.445443092402196,-0.0455746404702464,0.491017732872442,114,2019-06-06
"Kosovo",1.29117383351796,0.808686078932453,0.482487754585507,115,2019-06-06
"India",0.983619974898308,0.563554175889883,0.420065799008425,116,2019-06-06
"Hong Kong",0.506507280100917,0.117234577337835,0.389272702763082,117,2019-06-06
"New Caledonia",1.22966414173791,0.850433122307175,0.37923101943073,118,2019-06-06
"Latvia",0.900437082968169,0.545559161828691,0.354877921139477,119,2019-06-06
"Lithuania",0.647988079312245,0.487070611557848,0.160917467754397,120,2019-06-06
"Malaysia",0.594380391037624,0.454202410743569,0.140177980294055,121,2019-06-06
"Mozambique",0.777349066891736,0.637871426937986,0.139477639953751,122,2019-06-06
"Luxembourg",0.926039319093432,1.15232317801951,-0.226283858926076,123,2019-06-06
"Azerbaijan",0.821313647151424,1.0836233448719,-0.262309697720474,124,2019-06-06
"Nepal",0.526144627329876,0.878832670006035,-0.352688042676159,125,2019-06-06
"Laos",0.751370642973069,1.1211996560662,-0.369829013093129,126,2019-06-06
"Bermuda",0.674301879505655,1.11001891622373,-0.435717036718073,127,2019-06-06
"Bahrain",0.630271932383264,1.06747893876688,-0.437207006383618,128,2019-06-06
"Lebanon",0.694984980703732,1.35333334946816,-0.658348368764425,129,2019-06-06
"Barbados",-0.318657378210545,0.402979415608798,-0.721636793819343,130,2019-06-06
"Palestine",0.522500675457015,1.26461550708718,-0.742114831630161,131,2019-06-06
"St. Kitts and Nevis",0.594558121988132,1.43756703507351,-0.843008913085376,132,2019-06-06
"Bangladesh",0.310388006090861,1.2003407226128,-0.889952716521941,133,2019-06-06
"Cook Islands",0.0851267946298959,1.0065714388301,-0.921444644200202,134,2019-06-06
"Antigua and Barbuda",-0.482661985785086,0.473162691603928,-0.955824677389014,135,2019-06-06
"Fiji",0.333593965766578,1.44194321814978,-1.1083492523832,136,2019-06-06
"United Arab Emirates",-0.0656874941376663,1.07545051115417,-1.14113800529184,137,2019-06-06
"Samoa",-0.189503452025416,0.960087600889359,-1.14959105291477,138,2019-06-06
"St. Lucia",-0.0760927557245956,1.29407771944388,-1.37017047516847,139,2019-06-06
"Belize",-0.0479013585812637,1.39880102006416,-1.44670237864542,140,2019-06-06
"Kyrgyzstan",-0.025072578564839,1.43487771861766,-1.4599502971825,141,2019-06-06
"Indonesia",-0.412464524092887,1.10593806982297,-1.51840259391586,142,2019-06-06
"Andorra",0.0233590306275095,1.54683884929187,-1.52347981866436,143,2019-06-06
"Cayman Islands",-0.0226523621177168,1.64634012416121,-1.66899248627892,144,2019-06-06
"Uganda",-0.460929361045972,1.21890639458076,-1.67983575562674,145,2019-06-06
"St. Vincent / Grenadines",-0.716802645574631,1.18809027734551,-1.90489292292014,146,2019-06-06
"Tonga",-0.656439854757916,1.25686563614505,-1.91330549090297,147,2019-06-06
"Maldives",-0.42954114882794,1.54832023479552,-1.97786138362346,148,2019-06-06
"Singapore",-0.991792155095159,1.14541094241042,-2.13720309750558,149,2019-06-06
"Tajikistan",-0.445895161466733,1.91557843804439,-2.36147359951112,150,2019-06-06
"Solomon Islands",-0.414224236454309,1.95217063051945,-2.36639486697376,151,2019-06-06
"US Virgin Islands",-1.47460294772041,0.922469136405558,-2.39707208412597,152,2019-06-06
"Grenada",-0.365271488958387,2.07581459942194,-2.44108608838033,153,2019-06-06
"Sri Lanka",-0.726796643367265,1.73942262962749,-2.46621927299476,154,2019-06-06
"Dominica",-1.05117219284171,1.54732520294219,-2.5984973957839,155,2019-06-06
"Pakistan",-0.408723123567055,2.20810010267678,-2.61682322624383,156,2019-06-06
"Afghanistan",-0.957570341549322,2.26024067923016,-3.21781102077948,157,2019-06-06
"Kuwait",-0.790370116725648,2.56199162371451,-3.35236174044016,158,2019-06-06
"Qatar",-1.52621289628636,1.93697172928684,-3.4631846255732,159,2019-06-06
"Bhutan",-1.62960234901029,2.62506515511706,-4.25466750412735,160,2019-06-06
"Malawi",-14.8243761709418,-0.20953920384808,-14.6148369670937,161,2019-06-06
"Suriname",-14.4296822168001,0.508757090649308,-14.9384393074494,162,2019-06-06
"Guam",-14.5148105223622,0.986058059921915,-15.5008685822841,163,2019-06-06
"Comoros",-14.224771417876,1.4894077375975,-15.7141791554735,164,2019-06-06
"Libya",-14.6688284769965,1.15466419551292,-15.8234926725094,165,2019-06-06
"Mauritius",-15.1845912286195,1.27298738345003,-16.4575786120695,166,2019-06-06
"Burundi",-15.5768321005563,1.20025113430415,-16.7770832348604,167,2019-06-06
"Syria",-15.4984593996771,1.70676982510182,-17.2052292247789,168,2019-06-06
"Iraq",-16.129155668113,1.64054463732318,-17.7697003054362,169,2019-06-06
"Aruba",-15.9707594891892,2.02756959021188,-17.998329079401,170,2019-06-06
"Turks and Caicos Islands",-16.6850646473178,2.12985397207729,-18.8149186193951,171,2019-06-06
"British Virgin Islands",-16.2071183784663,3.77683221413416,-19.9839505926004,172,2019-06-06
"Macau",-16.0850261751716,17.6121879147763,-33.6972140899479,173,2019-06-06
"Liberia",-17.3592087944337,NA,NA,174,2019-06-06
"Sierra Leone",-17.5448899216389,NA,NA,175,2019-06-06
"USA",3.60913637446422,-2.52915269472551,6.13828906918973,1,2019-06-07
"Germany",3.6850375252018,-2.3617232959279,6.04676082112971,2,2019-06-07
"France",3.33263615835057,-2.53149481812551,5.86413097647608,3,2019-06-07
"Brazil",3.22306420528198,-2.15821849313129,5.38128269841327,4,2019-06-07
"England",3.18976888911134,-2.17683039946364,5.36659928857498,5,2019-06-07
"Sweden",3.21016868022054,-2.12316783765336,5.3333365178739,6,2019-06-07
"Norway",3.19340324626439,-2.07002801796883,5.26343126423322,7,2019-06-07
"Canada",3.05199488021337,-2.17792463146412,5.22991951167749,8,2019-06-07
"Australia",3.26418033323821,-1.88333746816808,5.14751780140629,9,2019-06-07
"Switzerland",3.42199399063818,-1.72480617557309,5.14680016621127,10,2019-06-07
"Netherlands",3.25067475322492,-1.85346835400318,5.10414310722811,11,2019-06-07
"Japan",3.27824516336484,-1.82057303204166,5.09881819540651,12,2019-06-07
"Spain",2.91369584782005,-1.92199499388891,4.83569084170896,13,2019-06-07
"China PR",2.85763161690219,-1.95468742974122,4.81231904664341,14,2019-06-07
"Korea DPR",2.72966836115202,-2.03900174340271,4.76867010455473,15,2019-06-07
"Denmark",2.93633872456329,-1.81562089828058,4.75195962284387,16,2019-06-07
"Belgium",3.11258332089795,-1.52557031146346,4.63815363236142,17,2019-06-07
"Colombia",2.64401628636926,-1.89340552850263,4.53742181487189,18,2019-06-07
"Nigeria",2.89808669809961,-1.60249958369207,4.50058628179168,19,2019-06-07
"Korea Republic",2.82783069631405,-1.6594206385592,4.48725133487326,20,2019-06-07
"Iceland",2.80072521664612,-1.64952009079609,4.45024530744222,21,2019-06-07
"Italy",2.95010769118349,-1.47010710317719,4.42021479436068,22,2019-06-07
"Scotland",2.96479469158273,-1.31723274840286,4.28202743998559,23,2019-06-07
"New Zealand",2.53499782085375,-1.73466952368289,4.26966734453664,24,2019-06-07
"Cameroon",2.53934082958347,-1.64122787931162,4.18056870889509,25,2019-06-07
"Austria",2.83020892952756,-1.30799906182904,4.13820799135661,26,2019-06-07
"Ghana",2.4938925751399,-1.46109502468781,3.95498759982771,27,2019-06-07
"South Africa",2.27157648732909,-1.67197232227427,3.94354880960336,28,2019-06-07
"Mexico",2.63935097138803,-1.29225019508135,3.93160116646938,29,2019-06-07
"Finland",2.56063016528701,-1.36278414792771,3.92341431321472,30,2019-06-07
"Paraguay",3.20794853003229,-0.706247159794061,3.91419568982635,31,2019-06-07
"Republic of Ireland",2.39706956999855,-1.45514533507636,3.85221490507491,32,2019-06-07
"Ukraine",2.65509328519736,-1.16892346069167,3.82401674588903,33,2019-06-07
"Russia",2.59978909146298,-1.18471581447531,3.78450490593829,34,2019-06-07
"Equatorial Guinea",2.29593456170738,-1.42892807106138,3.72486263276876,35,2019-06-07
"Argentina",2.44808106266621,-1.24879423822835,3.69687530089455,36,2019-06-07
"Chile",2.23299099559448,-1.44793043108982,3.6809214266843,37,2019-06-07
"Costa Rica",2.48645757009398,-1.15178504598305,3.63824261607703,38,2019-06-07
"Poland",2.55851923790167,-1.00772839717387,3.56624763507554,39,2019-06-07
"Wales",2.19831762996194,-1.26238024092338,3.46069787088532,40,2019-06-07
"Romania",2.2227077574527,-1.23180802382348,3.45451578127619,41,2019-06-07
"Portugal",2.40455165565117,-1.04863350356898,3.45318515922015,42,2019-06-07
"C担te d'Ivoire",2.4297593617271,-0.756095301983366,3.18585466371047,43,2019-06-07
"Hungary",2.48555061146155,-0.602802035801709,3.08835264726326,44,2019-06-07
"Czech Republic",2.28271087882441,-0.801214224636608,3.08392510346102,45,2019-06-07
"Croatia",1.96105616925547,-1.09062879045848,3.05168495971394,46,2019-06-07
"Venezuela",2.13924718417019,-0.794272831816444,2.93352001598663,47,2019-06-07
"Guinea",1.60363827904658,-1.32332579098019,2.92696407002677,48,2019-06-07
"Senegal",1.73615235707722,-1.19081171294953,2.92696407002675,49,2019-06-07
"Slovakia",2.14667408980376,-0.753214589614513,2.89988867941827,50,2019-06-07
"Jamaica",2.18533136760202,-0.68126192146187,2.86659328906389,51,2019-06-07
"Zimbabwe",1.88452351828668,-0.980890023334502,2.86541354162118,52,2019-06-07
"Serbia",2.33979063730872,-0.464627891340193,2.80441852864891,53,2019-06-07
"Thailand",2.01109736622328,-0.769228848470541,2.78032621469382,54,2019-06-07
"Slovenia",2.3160549050392,-0.420835346727518,2.73689025176672,55,2019-06-07
"Algeria",2.16117449910049,-0.49987904557481,2.66105354467529,56,2019-06-07
"Vietnam",2.05442083788436,-0.60563329071683,2.66005412860119,57,2019-06-07
"Uruguay",2.27222053334263,-0.363558628547604,2.63577916189024,58,2019-06-07
"Bosnia and Herzegovina",1.61295492573075,-1.00195324917808,2.61490817490883,59,2019-06-07
"Trinidad and Tobago",1.82935587530244,-0.780262751031595,2.60961862633404,60,2019-06-07
"Ecuador",1.97146524011325,-0.625064414416847,2.5965296545301,61,2019-06-07
"Gabon",2.7779460689312,0.220691620447772,2.55725444848343,62,2019-06-07
"Tunisia",2.14058434446562,-0.406160684522047,2.54674502898767,63,2019-06-07
"Zambia",1.92093196979173,-0.518596224857584,2.43952819464932,64,2019-06-07
"Northern Ireland",1.71270670006073,-0.708812703902206,2.42151940396294,65,2019-06-07
"Mali",2.02515652999081,-0.270695311136947,2.29585184112776,66,2019-06-07
"Haiti",1.58906707099047,-0.697657265597883,2.28672433658835,67,2019-06-07
"Namibia",1.85651636162696,-0.427154465270712,2.28367082689768,68,2019-06-07
"Egypt",1.73992832157515,-0.517738093657569,2.25766641523272,69,2019-06-07
"Turkey",1.85983714829976,-0.397095549264663,2.25693269756442,70,2019-06-07
"Chinese Taipei",1.4440990475251,-0.761384791477096,2.2054838390022,71,2019-06-07
"Israel",1.42917999374212,-0.772988956297296,2.20216895003941,72,2019-06-07
"Tanzania",1.9206290768366,-0.274807161809689,2.19543623864629,73,2019-06-07
"Greece",1.87800951980765,-0.28173851957161,2.15974803937927,74,2019-06-07
"Myanmar",1.9036847084796,-0.248207645268622,2.15189235374822,75,2019-06-07
"Cuba",1.27102570404738,-0.759441393891303,2.03046709793868,76,2019-06-07
"Panama",2.00822903492879,0.00455607456108531,2.0036729603677,77,2019-06-07
"Belarus",1.67326200466285,-0.302690476658385,1.97595248132124,78,2019-06-07
"Ethiopia",1.23919325092215,-0.696170998649102,1.93536424957126,79,2019-06-07
"Guyana",1.64708874422284,-0.246717359424538,1.89380610364737,80,2019-06-07
"Guatemala",1.56804862347744,-0.313753816696598,1.88180244017404,81,2019-06-07
"Jordan",1.5650925143476,-0.258004636679162,1.82309715102676,82,2019-06-07
"Kazakhstan",1.38021814100848,-0.4376805399775,1.81789868098598,83,2019-06-07
"Kenya",1.27404440362606,-0.539797603951536,1.8138420075776,84,2019-06-07
"Rwanda",1.7833124827145,0.0348907671799243,1.74842171553458,85,2019-06-07
"Peru",0.471473029831866,-1.26135193330665,1.73282496313852,86,2019-06-07
"Bolivia",1.62199613914317,-0.0537073635105383,1.6757035026537,87,2019-06-07
"Uzbekistan",1.4457475919894,-0.171524142730078,1.61727173471948,88,2019-06-07
"El Salvador",1.38077534130099,-0.196370497367917,1.5771458386689,89,2019-06-07
"Faroe Islands",1.49270754022524,-0.0738664141970364,1.56657395442228,90,2019-06-07
"Botswana",1.442905207409,-0.00898603412600174,1.451891241535,91,2019-06-07
"Morocco",0.624499306849073,-0.786000802282715,1.41050010913179,92,2019-06-07
"Montenegro",1.65646493732964,0.281040684269645,1.37542425305999,93,2019-06-07
"Martinique",1.54441943590797,0.222214124331106,1.32220531157687,94,2019-06-07
"Puerto Rico",1.31098230427594,0.0626663753750112,1.24831592890092,95,2019-06-07
"Lesotho",2.03920477745396,0.80710117157562,1.23210360587834,96,2019-06-07
"Honduras",1.70992791953618,0.478863951449093,1.23106396808709,97,2019-06-07
"Moldova",0.851059678323709,-0.379651418860325,1.23071109718403,98,2019-06-07
"Albania",1.12481112706043,-0.0875903516239283,1.21240147868436,99,2019-06-07
"Bulgaria",1.41123679239195,0.234539389516233,1.17669740287572,100,2019-06-07
"Georgia",1.204952243279,0.0651707449758883,1.13978149830311,101,2019-06-07
"Philippines",1.29826821476989,0.186282996154911,1.11198521861498,102,2019-06-07
"Malta",1.10210511267184,0.00189659098242068,1.10020852168942,103,2019-06-07
"Estonia",1.0169603657873,-0.0480238748461068,1.06498424063341,104,2019-06-07
"Iran",1.44657573976091,0.473923955658113,0.972651784102802,105,2019-06-07
"Dominican Republic",1.66629754911377,0.730570175097127,0.935727374016645,106,2019-06-07
"Madagascar",0.951005930224251,0.0685336473561335,0.882472282868117,107,2019-06-07
"Cyprus",0.952956827712012,0.0804651350227106,0.872491692689301,108,2019-06-07
"Congo",0.700096046261676,-0.0894672312423546,0.789563277504031,109,2019-06-07
"FYR Macedonia",1.30176933695871,0.584169764886355,0.717599572072357,110,2019-06-07
"Papua New Guinea",1.04533946777892,0.415877855212195,0.629461612566725,111,2019-06-07
"Burkina Faso",0.241290619177765,-0.342691175130668,0.583981794308433,112,2019-06-07
"Swaziland",1.42961466677276,0.870319212892013,0.559295453880749,113,2019-06-07
"Nicaragua",0.445256795016518,-0.0451403970950168,0.490397192111535,114,2019-06-07
"Kosovo",1.29509963338825,0.806497920612528,0.488601712775722,115,2019-06-07
"India",0.979946032658893,0.568181095229104,0.411764937429788,116,2019-06-07
"Hong Kong",0.502654208404807,0.12178135959512,0.380872848809687,117,2019-06-07
"New Caledonia",1.22960968351999,0.85122537180908,0.378384311710913,118,2019-06-07
"Latvia",0.903111921796316,0.543314857538501,0.359797064257815,119,2019-06-07
"Lithuania",0.649830102215089,0.484767356397812,0.165062745817277,120,2019-06-07
"Mozambique",0.776517616436133,0.636968323703052,0.139549292733081,121,2019-06-07
"Malaysia",0.590717485895018,0.457688709259049,0.133028776635968,122,2019-06-07
"Luxembourg",0.928345448191645,1.15012607868536,-0.221780630493713,123,2019-06-07
"Azerbaijan",0.820891875488132,1.08515490168871,-0.264263026200576,124,2019-06-07
"Nepal",0.523226876278029,0.88197856412609,-0.358751687848061,125,2019-06-07
"Laos",0.748398105831157,1.12476191048557,-0.37636380465441,126,2019-06-07
"Bermuda",0.675207669490694,1.11024972638307,-0.435042056892381,127,2019-06-07
"Bahrain",0.626838563076048,1.07082705210675,-0.443988489030702,128,2019-06-07
"Lebanon",0.693298718151337,1.35513293139358,-0.66183421324224,129,2019-06-07
"Barbados",-0.318938657289124,0.402705213341291,-0.721643870630415,130,2019-06-07
"Palestine",0.518769796272097,1.2679400574444,-0.749170261172304,131,2019-06-07
"St. Kitts and Nevis",0.595366705631114,1.43724430196471,-0.841877596333595,132,2019-06-07
"Bangladesh",0.306977756888445,1.20352929211652,-0.896551535228074,133,2019-06-07
"Cook Islands",0.0850670275070872,1.00734937219567,-0.922282344688586,134,2019-06-07
"Antigua and Barbuda",-0.482766596974936,0.472690754590205,-0.955457351565141,135,2019-06-07
"Fiji",0.333485142100035,1.44272715643954,-1.10924201433951,136,2019-06-07
"United Arab Emirates",-0.0682294270280339,1.07598899481821,-1.14421842184624,137,2019-06-07
"Samoa",-0.189557017636828,0.960888603418861,-1.15044562105569,138,2019-06-07
"St. Lucia",-0.0758316971670485,1.2938411695185,-1.36967286668555,139,2019-06-07
"Belize",-0.0472453769078076,1.39850419631534,-1.44574957322315,140,2019-06-07
"Kyrgyzstan",-0.0283803581935024,1.43915368361647,-1.46753404180998,141,2019-06-07
"Andorra",0.0262254724285674,1.54501658073699,-1.51879110830842,142,2019-06-07
"Indonesia",-0.415300382305666,1.10943987087898,-1.52474025318465,143,2019-06-07
"Cayman Islands",-0.0217942728726294,1.64624743522652,-1.66804170809915,144,2019-06-07
"Uganda",-0.462208475120849,1.2182237041508,-1.68043217927165,145,2019-06-07
"St. Vincent / Grenadines",-0.715662311554497,1.18731479221146,-1.90297710376596,146,2019-06-07
"Tonga",-0.656490823973476,1.25764037745016,-1.91413120142364,147,2019-06-07
"Maldives",-0.432454469084389,1.55200645199054,-1.98446092107493,148,2019-06-07
"Singapore",-0.995039662995339,1.14916360043211,-2.14420326342745,149,2019-06-07
"Solomon Islands",-0.414245483126429,1.95299099001395,-2.36723647314038,150,2019-06-07
"Tajikistan",-0.449816495115072,1.91870020629638,-2.36851670141146,151,2019-06-07
"US Virgin Islands",-1.47341624538559,0.921796854354575,-2.39521309974017,152,2019-06-07
"Grenada",-0.364262016257655,2.07546029560401,-2.43972231186167,153,2019-06-07
"Sri Lanka",-0.729817257189772,1.74284940017226,-2.47266665736203,154,2019-06-07
"Dominica",-1.05085615254497,1.54734552836629,-2.59820168091126,155,2019-06-07
"Pakistan",-0.412940782984136,2.21068015611793,-2.62362093910207,156,2019-06-07
"Afghanistan",-0.960537908266574,2.26399352514076,-3.22453143340733,157,2019-06-07
"Kuwait",-0.792433431189417,2.56464689384642,-3.35708032503584,158,2019-06-07
"Qatar",-1.52981649637544,1.94007760556137,-3.46989410193681,159,2019-06-07
"Bhutan",-1.63220534534852,2.6287098893402,-4.26091523468872,160,2019-06-07
"Malawi",-14.8240442414554,-0.210556421615989,-14.6134878198394,161,2019-06-07
"Suriname",-14.4288171740337,0.507244685442793,-14.9360618594765,162,2019-06-07
"Guam",-14.5294615101531,0.991493453287144,-15.5209549634402,163,2019-06-07
"Comoros",-14.2246660163093,1.48932152429487,-15.7139875406042,164,2019-06-07
"Libya",-14.6682072504623,1.15510074536018,-15.8233079958224,165,2019-06-07
"Mauritius",-15.184394809749,1.27250645168207,-16.4569012614311,166,2019-06-07
"Burundi",-15.5759859171985,1.20078647856039,-16.7767723957589,167,2019-06-07
"Syria",-15.5017334554616,1.71066140278215,-17.2123948582438,168,2019-06-07
"Iraq",-16.1313318931049,1.64426943474634,-17.7756013278512,169,2019-06-07
"Aruba",-15.96980845571,2.02719658719751,-17.9970050429075,170,2019-06-07
"Turks and Caicos Islands",-16.6860390081041,2.12911177224164,-18.8151507803457,171,2019-06-07
"British Virgin Islands",-16.2074564726293,3.77576222380006,-19.9832186964293,172,2019-06-07
"Macau",-16.0903448565184,17.6258285264936,-33.7161733830119,173,2019-06-07
"Liberia",-17.3628449283618,NA,NA,174,2019-06-07
"Sierra Leone",-17.5496531434067,NA,NA,175,2019-06-07
"USA",3.61480893539059,-2.53329843166454,6.14810736705513,1,2019-06-08
"Germany",3.68690600908713,-2.38163541075894,6.06854141984607,2,2019-06-08
"France",3.34087033079183,-2.53805167938618,5.87892201017801,3,2019-06-08
"Brazil",3.22892847482654,-2.16472912061765,5.39365759544419,4,2019-06-08
"England",3.19876474534689,-2.18375600181283,5.38252074715972,5,2019-06-08
"Sweden",3.21771880670517,-2.12858356405575,5.34630237076092,6,2019-06-08
"Norway",3.2094687205603,-2.09114194311501,5.30061066367532,7,2019-06-08
"Canada",3.05975016762668,-2.18434295262444,5.24409312025112,8,2019-06-08
"Switzerland",3.43003085102465,-1.73222478731191,5.16225563833655,9,2019-06-08
"Australia",3.26826531737825,-1.88750289255883,5.15576820993708,10,2019-06-08
"Netherlands",3.26032027722624,-1.86155155501839,5.12187183224462,11,2019-06-08
"Japan",3.28298405724396,-1.82494557788414,5.10792963512809,12,2019-06-08
"Spain",2.93972537754716,-1.9141201772264,4.85384555477356,13,2019-06-08
"China PR",2.85608015006076,-1.97805860438417,4.83413875444492,14,2019-06-08
"Korea DPR",2.73586920566294,-2.0434755069737,4.77934471263664,15,2019-06-08
"Denmark",2.94495854373514,-1.82432536279113,4.76928390652627,16,2019-06-08
"Belgium",3.12212641889986,-1.53602090271982,4.65814732161968,17,2019-06-08
"Colombia",2.64807996041691,-1.89918045217056,4.54726041258747,18,2019-06-08
"Korea Republic",2.83333396685317,-1.66538504154313,4.4987190083963,19,2019-06-08
"Iceland",2.81066815964853,-1.65746597082914,4.46813413047767,20,2019-06-08
"Italy",2.96047753599643,-1.47865227768747,4.4391298136839,21,2019-06-08
"Nigeria",2.8611691421899,-1.55614279311149,4.41731193530139,22,2019-06-08
"Scotland",2.97379758166009,-1.32527607450408,4.29907365616417,23,2019-06-08
"New Zealand",2.5431294463661,-1.74134149290305,4.28447093926915,24,2019-06-08
"Austria",2.83886912892713,-1.31737370523794,4.15624283416507,25,2019-06-08
"Cameroon",2.51577302522236,-1.62595952938778,4.14173255461014,26,2019-06-08
"Mexico",2.64515633421718,-1.29804711968522,3.9432034539024,27,2019-06-08
"Finland",2.56857614640567,-1.37140846234443,3.9399846087501,28,2019-06-08
"Paraguay",3.21368178880505,-0.711939743269577,3.92562153207463,29,2019-06-08
"Ghana",2.46610548134288,-1.43885533477357,3.90496081611646,30,2019-06-08
"Republic of Ireland",2.4039796331409,-1.46280390600494,3.86678353914584,31,2019-06-08
"South Africa",2.26168081374992,-1.59036007535868,3.8520408891086,32,2019-06-08
"Ukraine",2.66435118290703,-1.17743396219913,3.84178514510616,33,2019-06-08
"Russia",2.60710341584869,-1.192286232945,3.79938964879369,34,2019-06-08
"Argentina",2.45412704991741,-1.25362682621729,3.7077538761347,35,2019-06-08
"Chile",2.23873007783624,-1.45386501550434,3.69259509334058,36,2019-06-08
"Equatorial Guinea",2.26256394965226,-1.40236813095155,3.66493208060381,37,2019-06-08
"Costa Rica",2.49233151705961,-1.15878090384687,3.65111242090649,38,2019-06-08
"Poland",2.56700054085445,-1.01586349935281,3.58286404020726,39,2019-06-08
"Wales",2.20744880733501,-1.27183051631963,3.47927932365464,40,2019-06-08
"Romania",2.2329498663264,-1.24376660282463,3.47671646915103,41,2019-06-08
"Portugal",2.41432345372678,-1.05903435982255,3.47335781354933,42,2019-06-08
"C担te d'Ivoire",2.40488658812355,-0.743608113900966,3.14849470202451,43,2019-06-08
"Hungary",2.49423883716531,-0.610445579357706,3.10468441652302,44,2019-06-08
"Czech Republic",2.29238167605907,-0.811944734499058,3.10432641055813,45,2019-06-08
"Croatia",1.96934337281021,-1.09533047574006,3.06467384855028,46,2019-06-08
"Venezuela",2.14376710686083,-0.798266043112163,2.942033149973,47,2019-06-08
"Slovakia",2.15421162924933,-0.759618272348994,2.91382990159832,48,2019-06-08
"Jamaica",2.19115275678656,-0.686879629527821,2.87803238631438,49,2019-06-08
"Guinea",1.57449146241706,-1.29782431844525,2.87231578086231,50,2019-06-08
"Senegal",1.71095721196471,-1.1613585688976,2.87231578086231,51,2019-06-08
"Serbia",2.34933337400452,-0.473210243909857,2.82254361791437,52,2019-06-08
"Zimbabwe",1.85919009817739,-0.958911721957932,2.81810182013532,53,2019-06-08
"Thailand",2.01587119521598,-0.772308794561815,2.7881799897778,54,2019-06-08
"Slovenia",2.32532184852244,-0.426683884566486,2.75200573308893,55,2019-06-08
"Vietnam",2.05918740842562,-0.609594728042595,2.66878213646821,56,2019-06-08
"Uruguay",2.27258457406982,-0.365665511528979,2.6382500855988,57,2019-06-08
"Bosnia and Herzegovina",1.62140491502267,-1.0101977891508,2.63160270417347,58,2019-06-08
"Trinidad and Tobago",1.83509800321294,-0.785835822898235,2.62093382611118,59,2019-06-08
"Algeria",2.13460601333869,-0.476500008489494,2.61110602182818,60,2019-06-08
"Ecuador",1.97518786607199,-0.627835578341467,2.60302344441346,61,2019-06-08
"Tunisia",2.11692314109685,-0.380042279534127,2.49696542063097,62,2019-06-08
"Gabon",2.6966401494381,0.230893621449356,2.46574652798874,63,2019-06-08
"Northern Ireland",1.71978900583038,-0.716394693695402,2.43618369952578,64,2019-06-08
"Zambia",1.89568171457465,-0.490758004414471,2.38643971898912,65,2019-06-08
"Haiti",1.59488439776762,-0.703071773140577,2.2979561709082,66,2019-06-08
"Turkey",1.86899223446274,-0.4040437076163,2.27303594207904,67,2019-06-08
"Mali",2.00183276194844,-0.239686801950722,2.24151956389916,68,2019-06-08
"Namibia",1.82908051110534,-0.400226318881017,2.22930682998636,69,2019-06-08
"Israel",1.43821637145776,-0.782008685277059,2.22022505673482,70,2019-06-08
"Chinese Taipei",1.44900952312177,-0.765736570125331,2.2147460932471,71,2019-06-08
"Egypt",1.71841110992572,-0.494594795630169,2.21300590555589,72,2019-06-08
"Greece",1.8874933675798,-0.292028966292017,2.17952233387182,73,2019-06-08
"Myanmar",1.90856511871975,-0.251956063714595,2.16052118243435,74,2019-06-08
"Tanzania",1.89221943487043,-0.248512839338355,2.14073227420879,75,2019-06-08
"Cuba",1.27684764245809,-0.765021613248206,2.04186925570629,76,2019-06-08
"Panama",2.0142382129975,-0.00123316261536432,2.01547137561286,77,2019-06-08
"Belarus",1.68236184030746,-0.311508243590045,1.99387008389751,78,2019-06-08
"Guyana",1.65285368651868,-0.25323037348974,1.90608406000842,79,2019-06-08
"Guatemala",1.57415007196674,-0.319662371760804,1.89381244372754,80,2019-06-08
"Ethiopia",1.21469142420748,-0.66926716835397,1.88395859256145,81,2019-06-08
"Kazakhstan",1.38949418219498,-0.446451491667032,1.83594567386202,82,2019-06-08
"Jordan",1.56990755044359,-0.261395618373496,1.83130316881708,83,2019-06-08
"Kenya",1.24422553774073,-0.513395846027476,1.75762138376821,84,2019-06-08
"Peru",0.47474647566746,-1.26436429629633,1.73911077196379,85,2019-06-08
"Bolivia",1.62747804637481,-0.0593143243266256,1.68679237070143,86,2019-06-08
"Rwanda",1.75335968488705,0.0697548823981582,1.68360480248889,87,2019-06-08
"Uzbekistan",1.45083700964004,-0.17676250438707,1.62759951402711,88,2019-06-08
"El Salvador",1.38687536793836,-0.202126298337257,1.58900166627561,89,2019-06-08
"Faroe Islands",1.50159383378058,-0.0818837405358157,1.5834775743164,90,2019-06-08
"Botswana",1.40939187809246,0.00885254052169637,1.40053933757076,91,2019-06-08
"Montenegro",1.6653785921581,0.271519821965301,1.3938587701928,92,2019-06-08
"Morocco",0.603114538956992,-0.763766685994388,1.36688122495138,93,2019-06-08
"Martinique",1.55023945515761,0.216537392544266,1.33370206261334,94,2019-06-08
"Puerto Rico",1.31694697183734,0.0571389234163417,1.259808048421,95,2019-06-08
"Moldova",0.859963310901453,-0.387515756744318,1.24747906764577,96,2019-06-08
"Honduras",1.71590475807035,0.473014284594946,1.2428904734754,97,2019-06-08
"Albania",1.13456660430175,-0.0978741152823241,1.23244071958407,98,2019-06-08
"Bulgaria",1.42084158830789,0.226414598835798,1.19442698947209,99,2019-06-08
"Lesotho",2.01540276787712,0.833492924080918,1.1819098437962,100,2019-06-08
"Georgia",1.21362692466537,0.0563864720876222,1.15724045257774,101,2019-06-08
"Philippines",1.30330817595086,0.181633363415995,1.12167481253487,102,2019-06-08
"Malta",1.11131618137379,-0.00670064656979275,1.11801682794358,103,2019-06-08
"Estonia",1.0265941266473,-0.0600243967805296,1.08661852342783,104,2019-06-08
"Iran",1.45122550140912,0.46930296096577,0.981922540443354,105,2019-06-08
"Dominican Republic",1.67218299136203,0.725152642239522,0.947030349122506,106,2019-06-08
"Cyprus",0.961693884261209,0.0715596862218373,0.890134198039371,107,2019-06-08
"Madagascar",0.939583702941711,0.102353304095107,0.837230398846603,108,2019-06-08
"FYR Macedonia",1.31109307541685,0.571622812742123,0.739470262674729,109,2019-06-08
"Congo",0.674838526447642,-0.0564423072934437,0.731280833741086,110,2019-06-08
"Papua New Guinea",1.05335606553454,0.408611600636726,0.644744464897814,111,2019-06-08
"Burkina Faso",0.215899496716256,-0.316142527436209,0.532042024152465,112,2019-06-08
"Swaziland",1.41182873514668,0.90056265012166,0.511266085025017,113,2019-06-08
"Kosovo",1.30482348188254,0.797119173214818,0.507704308667725,114,2019-06-08
"Nicaragua",0.451353591912347,-0.0507842866222026,0.502137878534549,115,2019-06-08
"India",0.984843694369839,0.563020361093229,0.421823333276611,116,2019-06-08
"New Caledonia",1.23754372269747,0.84349398555755,0.394049737139919,117,2019-06-08
"Hong Kong",0.507709291128809,0.117460548260843,0.390248742867967,118,2019-06-08
"Latvia",0.912290895320436,0.534359454925751,0.377931440394685,119,2019-06-08
"Lithuania",0.659103061094178,0.476026203480867,0.183076857613311,120,2019-06-08
"Malaysia",0.595386972141106,0.453109037564633,0.142277934576473,121,2019-06-08
"Mozambique",0.743354192538296,0.649241241513896,0.0941129510244,122,2019-06-08
"Luxembourg",0.937159160740727,1.14131897885764,-0.204159818116917,123,2019-06-08
"Azerbaijan",0.827656724681139,1.07982484299299,-0.252168118311848,124,2019-06-08
"Nepal",0.528268922670274,0.877351089078248,-0.349082166407974,125,2019-06-08
"Laos",0.752990583390697,1.12018709029215,-0.367196506901456,126,2019-06-08
"Bermuda",0.680969033605655,1.10455697524852,-0.423587941642862,127,2019-06-08
"Bahrain",0.632019429388144,1.0658481134231,-0.433828684034955,128,2019-06-08
"Lebanon",0.69852712369899,1.34935671111942,-0.650829587420433,129,2019-06-08
"Barbados",-0.313023796352793,0.397046753950586,-0.710070550303379,130,2019-06-08
"Palestine",0.523474681568658,1.2633308795331,-0.739856197964441,131,2019-06-08
"St. Kitts and Nevis",0.601190131609577,1.43167544171903,-0.830485310109448,132,2019-06-08
"Bangladesh",0.311927993787951,1.19897586497006,-0.887047871182114,133,2019-06-08
"Cook Islands",0.0929187538811892,0.9994865244692,-0.906567770588011,134,2019-06-08
"Antigua and Barbuda",-0.476880517509835,0.467201219995291,-0.944081737505126,135,2019-06-08
"Fiji",0.34136030179565,1.4350185358466,-1.09365823405095,136,2019-06-08
"United Arab Emirates",-0.0625947819991718,1.0695325717539,-1.13212735375307,137,2019-06-08
"Samoa",-0.181624554535815,0.953141762341452,-1.13476631687727,138,2019-06-08
"St. Lucia",-0.0700587437403767,1.28829832892878,-1.35835707266916,139,2019-06-08
"Belize",-0.0412192696964381,1.39270912723546,-1.4339283969319,140,2019-06-08
"Kyrgyzstan",-0.0233639748870267,1.43443581146298,-1.45779978635001,141,2019-06-08
"Andorra",0.0350088058145301,1.5362254883334,-1.50121668251887,142,2019-06-08
"Indonesia",-0.410696368278219,1.10482279899538,-1.5155191672736,143,2019-06-08
"Cayman Islands",-0.0160134370217407,1.64060835458219,-1.65662179160393,144,2019-06-08
"Uganda",-0.490896060276351,1.24834889745856,-1.73924495773491,145,2019-06-08
"St. Vincent / Grenadines",-0.709865516306054,1.18171781420177,-1.89158333050783,146,2019-06-08
"Tonga",-0.648598554697601,1.24975548393113,-1.89835403862873,147,2019-06-08
"Maldives",-0.427221722567865,1.5470573535349,-1.97427907610277,148,2019-06-08
"Singapore",-0.990046553127121,1.14458938459214,-2.13463593771926,149,2019-06-08
"Solomon Islands",-0.406293539589761,1.94521384690881,-2.35150738649857,150,2019-06-08
"Tajikistan",-0.444364135586528,1.91399145420503,-2.35835558979156,151,2019-06-08
"US Virgin Islands",-1.4676249607475,0.916187609739805,-2.3838125704873,152,2019-06-08
"Grenada",-0.35845679776892,2.06979874260518,-2.4282555403741,153,2019-06-08
"Sri Lanka",-0.724766021665738,1.73818277136403,-2.46294879302977,154,2019-06-08
"Dominica",-1.04508407852816,1.54170991444988,-2.58679399297804,155,2019-06-08
"Pakistan",-0.407779252355281,2.20584237900685,-2.61362163136213,156,2019-06-08
"Afghanistan",-0.955554139056069,2.25925378874205,-3.21480792779812,157,2019-06-08
"Kuwait",-0.786943959667857,2.55987265694941,-3.34681661661727,158,2019-06-08
"Qatar",-1.52473625885907,1.93535289245429,-3.46008915131336,159,2019-06-08
"Bhutan",-1.62725907506926,2.62380039208559,-4.25105946715486,160,2019-06-08
"Malawi",-14.8500301377855,-0.181842193316664,-14.6681879444688,161,2019-06-08
"Suriname",-14.4231025317151,0.501690418330253,-14.9247929500454,162,2019-06-08
"Guam",-14.5244101967283,0.986314602615163,-15.5107247993434,163,2019-06-08
"Comoros",-14.2880142905332,1.49979443921233,-15.7878087297456,164,2019-06-08
"Libya",-14.6911256486965,1.17684676768456,-15.8679724163811,165,2019-06-08
"Mauritius",-15.2019268464532,1.30632610842104,-16.5082529548743,166,2019-06-08
"Burundi",-15.6055058655545,1.23060916710266,-16.8361150326571,167,2019-06-08
"Syria",-15.4971410839329,1.70609129165954,-17.2032323755924,168,2019-06-08
"Iraq",-16.1261814063941,1.63938898652776,-17.7655703929219,169,2019-06-08
"Aruba",-15.9640147276576,2.02154033070662,-17.9855550583642,170,2019-06-08
"Turks and Caicos Islands",-16.6801076712045,2.1236311641211,-18.8037388353256,171,2019-06-08
"British Virgin Islands",-16.2015426416835,3.77027936529071,-19.9718220069742,172,2019-06-08
"Macau",-16.0848575797333,17.6210817994018,-33.7059393791351,173,2019-06-08
"Liberia",-17.3577967658913,NA,NA,174,2019-06-08
"Sierra Leone",-17.5446088204964,NA,NA,175,2019-06-08
"USA",3.61399298630037,-2.53100077136569,6.14499375766606,1,2019-06-09
"Germany",3.68710549251477,-2.38061600185248,6.06772149436725,2,2019-06-09
"France",3.34096238633614,-2.53592194916349,5.87688433549963,3,2019-06-09
"Brazil",3.21230132208319,-2.17139271628687,5.38369403837005,4,2019-06-09
"England",3.19713023115288,-2.17910559951341,5.37623583066629,5,2019-06-09
"Sweden",3.2182587049464,-2.12713672405237,5.34539542899878,6,2019-06-09
"Norway",3.20952302564402,-2.09105747559501,5.30058050123903,7,2019-06-09
"Canada",3.06055989189484,-2.18290290102196,5.2434627929168,8,2019-06-09
"Switzerland",3.43127217953065,-1.73237132904797,5.16364350857862,9,2019-06-09
"Netherlands",3.26117789650398,-1.8611117627074,5.12228965921138,10,2019-06-09
"Australia",3.25300717851093,-1.86552686454764,5.11853404305857,11,2019-06-09
"Japan",3.27852218840611,-1.82177927408731,5.10030146249343,12,2019-06-09
"Spain",2.94243085388018,-1.91379974354153,4.85623059742171,13,2019-06-09
"China PR",2.85302454423534,-1.97522319973795,4.82824774397329,14,2019-06-09
"Korea DPR",2.73218374944223,-2.03903716269812,4.77122091214035,15,2019-06-09
"Denmark",2.94590930477198,-1.82471249796362,4.7706218027356,16,2019-06-09
"Belgium",3.12324280322613,-1.53695751540039,4.66020031862651,17,2019-06-09
"Colombia",2.64502201740516,-1.89621289478058,4.54123491218574,18,2019-06-09
"Korea Republic",2.83075543491206,-1.66192837758139,4.49268381249344,19,2019-06-09
"Iceland",2.81211019045697,-1.65771934462941,4.46982953508638,20,2019-06-09
"Italy",2.97010386244614,-1.49670013211714,4.46680399456328,21,2019-06-09
"Nigeria",2.85883262064649,-1.55246474132459,4.41129736197108,22,2019-06-09
"Scotland",2.97700138186689,-1.33021057580653,4.30721195767342,23,2019-06-09
"New Zealand",2.54199577357701,-1.73758920302372,4.27958497660073,24,2019-06-09
"Austria",2.83974786164333,-1.31795580038846,4.15770366203179,25,2019-06-09
"Cameroon",2.51362101022111,-1.62347299772136,4.13709400794247,26,2019-06-09
"Mexico",2.65136379666412,-1.29733228495662,3.94869608162074,27,2019-06-09
"Finland",2.56957033651305,-1.37225230108545,3.9418226375985,28,2019-06-09
"Paraguay",3.2038832313138,-0.698654486889248,3.90253771820304,29,2019-06-09
"Ghana",2.46404341282132,-1.43628920716087,3.90033261998219,30,2019-06-09
"Republic of Ireland",2.40469295798025,-1.46362201555501,3.86831497353526,31,2019-06-09
"South Africa",2.25998389631452,-1.58869550217713,3.84867939849164,32,2019-06-09
"Ukraine",2.66540213992323,-1.17929399819174,3.84469613811498,33,2019-06-09
"Russia",2.60776112062082,-1.19216001754749,3.79992113816831,34,2019-06-09
"Argentina",2.44630037488952,-1.24250274469447,3.68880311958398,35,2019-06-09
"Chile",2.22929785033188,-1.44299600557628,3.67229385590816,36,2019-06-09
"Equatorial Guinea",2.26000656299074,-1.40054815589187,3.66055471888261,37,2019-06-09
"Costa Rica",2.49842097581996,-1.15767784839091,3.65609882421087,38,2019-06-09
"Poland",2.56844736336613,-1.01733024623048,3.58577760959662,39,2019-06-09
"Romania",2.2355653524186,-1.24658783400999,3.48215318642858,40,2019-06-09
"Wales",2.20832579904306,-1.27281667500691,3.48114247404997,41,2019-06-09
"Portugal",2.41469247043252,-1.05978845442496,3.47448092485749,42,2019-06-09
"C担te d'Ivoire",2.40279582930878,-0.741768537737811,3.14456436704659,43,2019-06-09
"Czech Republic",2.29615383212035,-0.814956235882677,3.11111006800302,44,2019-06-09
"Hungary",2.49530431433517,-0.611608446584541,3.10691276091971,45,2019-06-09
"Croatia",1.9699103974157,-1.09615329216059,3.06606368957629,46,2019-06-09
"Jamaica",2.1909142092386,-0.760465853424282,2.95138006266288,47,2019-06-09
"Venezuela",2.14261097313003,-0.794079392636083,2.93669036576612,48,2019-06-09
"Slovakia",2.15454121799567,-0.760548262476584,2.91508948047226,49,2019-06-09
"Guinea",1.57221894688653,-1.29524815811609,2.86746710500262,50,2019-06-09
"Senegal",1.70806732304696,-1.15939978195561,2.86746710500258,51,2019-06-09
"Serbia",2.35055011448424,-0.474438679282309,2.82498879376655,52,2019-06-09
"Zimbabwe",1.85669547704481,-0.9569075963834,2.81360307342821,53,2019-06-09
"Thailand",2.01285115422431,-0.770011831044997,2.78286298526931,54,2019-06-09
"Slovenia",2.32702749468694,-0.427835992991825,2.75486348767876,55,2019-06-09
"Vietnam",2.05525267453926,-0.603466603241955,2.65871927778122,56,2019-06-09
"Bosnia and Herzegovina",1.62297081165081,-1.01158328980633,2.63455410145713,57,2019-06-09
"Uruguay",2.2698400405836,-0.360203643453811,2.63004368403741,58,2019-06-09
"Trinidad and Tobago",1.84331963801833,-0.786617968659136,2.62993760667747,59,2019-06-09
"Algeria",2.13229718373689,-0.474060339862166,2.60635752359906,60,2019-06-09
"Ecuador",1.9715023497163,-0.624739474930235,2.59624182464653,61,2019-06-09
"Tunisia",2.11439542760845,-0.378032582286575,2.49242800989503,62,2019-06-09
"Gabon",2.69466184766799,0.232276810296231,2.46238503737176,63,2019-06-09
"Northern Ireland",1.72200315266012,-0.718405054667019,2.44040820732714,64,2019-06-09
"Zambia",1.89335387472381,-0.488389760325525,2.38174363504934,65,2019-06-09
"Haiti",1.60355336906124,-0.704578247754404,2.30813161681564,66,2019-06-09
"Turkey",1.87002947350308,-0.404616610897904,2.27464608440099,67,2019-06-09
"Mali",1.99959429573773,-0.237294579992277,2.23688887573001,68,2019-06-09
"Namibia",1.8264686799225,-0.398285448320474,2.22475412824297,69,2019-06-09
"Israel",1.43949704956599,-0.783369105371969,2.22286615493796,70,2019-06-09
"Chinese Taipei",1.44579319084277,-0.762595451895071,2.20838864273785,71,2019-06-09
"Egypt",1.7156811197709,-0.492490534114206,2.20817165388511,72,2019-06-09
"Greece",1.88822806119969,-0.293033020809545,2.18126108200924,73,2019-06-09
"Myanmar",1.90517588593235,-0.248769772710361,2.15394565864271,74,2019-06-09
"Tanzania",1.88986319650848,-0.246223184186757,2.13608638069524,75,2019-06-09
"Cuba",1.28551744210827,-0.774866490426254,2.06038393253453,76,2019-06-09
"Panama",2.01884593255493,-0.00554650690764813,2.02439243946257,77,2019-06-09
"Belarus",1.68335524699829,-0.312525792595903,1.99588103959419,78,2019-06-09
"Guyana",1.66506808592154,-0.255611924669365,1.92068001059091,79,2019-06-09
"Guatemala",1.57774190359507,-0.322887686183965,1.90062958977903,80,2019-06-09
"Ethiopia",1.21222343830753,-0.667348436167718,1.87957187447525,81,2019-06-09
"Kazakhstan",1.39094538879487,-0.447440437935951,1.83838582673082,82,2019-06-09
"Jordan",1.56683141022084,-0.255328313754463,1.8221597239753,83,2019-06-09
"Kenya",1.24201626613433,-0.511043305516297,1.75305957165063,84,2019-06-09
"Peru",0.470949123408107,-1.26112017644336,1.73206929985147,85,2019-06-09
"Rwanda",1.75071709398775,0.0718408221453797,1.67887627184237,86,2019-06-09
"Bolivia",1.61886633324476,-0.046911337908655,1.66577767115341,87,2019-06-09
"Uzbekistan",1.44855795183663,-0.173534037047144,1.62209198888378,88,2019-06-09
"El Salvador",1.39105170112522,-0.206915692477821,1.59796739360304,89,2019-06-09
"Faroe Islands",1.50310912717289,-0.0837310720155271,1.58684019918841,90,2019-06-09
"Botswana",1.40698576491541,0.0105396239852023,1.39644614093021,91,2019-06-09
"Montenegro",1.66696651078653,0.27084306072971,1.39612345005682,92,2019-06-09
"Morocco",0.599780004086741,-0.761713918835073,1.36149392292181,93,2019-06-09
"Martinique",1.55607127402695,0.208888949581228,1.34718232444572,94,2019-06-09
"Puerto Rico",1.32466030756232,0.0535661296979546,1.27109417786437,95,2019-06-09
"Honduras",1.72074400191476,0.46923788990032,1.25150611201444,96,2019-06-09
"Moldova",0.861151244997262,-0.388642085519718,1.24979333051698,97,2019-06-09
"Albania",1.13563196005231,-0.0989496325507426,1.23458159260306,98,2019-06-09
"Bulgaria",1.4220895563811,0.225409384563366,1.19668017181774,99,2019-06-09
"Lesotho",2.01312779984141,0.835716480517743,1.17741131932367,100,2019-06-09
"Georgia",1.21478025793148,0.0524394609543033,1.16234079697718,101,2019-06-09
"Malta",1.11222422102074,-0.00813194043018717,1.12035616145092,102,2019-06-09
"Philippines",1.30069642355015,0.185336326185674,1.11536009736448,103,2019-06-09
"Estonia",1.02886672964012,-0.063349867518256,1.09221659715837,104,2019-06-09
"Iran",1.44812434288103,0.472799071440524,0.975325271440504,105,2019-06-09
"Dominican Republic",1.68320222801291,0.723781088047388,0.959421139965519,106,2019-06-09
"Cyprus",0.9619433986834,0.0703902557412563,0.891553142942143,107,2019-06-09
"Madagascar",0.937702030327442,0.104445688683596,0.833256341643846,108,2019-06-09
"FYR Macedonia",1.31361952029211,0.567413817201652,0.746205703090457,109,2019-06-09
"Congo",0.672395586380437,-0.0542734215134431,0.72666900789388,110,2019-06-09
"Papua New Guinea",1.05094396835142,0.409803733223437,0.64114023512798,111,2019-06-09
"Burkina Faso",0.213369880351052,-0.31424838331907,0.527618263670122,112,2019-06-09
"Nicaragua",0.454735479168248,-0.0557807874403378,0.510516266608586,113,2019-06-09
"Kosovo",1.30646191798392,0.796366294969068,0.510095623014851,114,2019-06-09
"Swaziland",1.40987627304718,0.902767697504884,0.507108575542298,115,2019-06-09
"India",0.982011319738554,0.566306385142537,0.415704934596017,116,2019-06-09
"New Caledonia",1.23630915647316,0.845521046557528,0.390788109915634,117,2019-06-09
"Hong Kong",0.50457355728242,0.121026414824579,0.38354714245784,118,2019-06-09
"Latvia",0.914030241049932,0.533375068235924,0.380655172814008,119,2019-06-09
"Lithuania",0.660346183776665,0.47453284773362,0.185813336043045,120,2019-06-09
"Malaysia",0.59192332603403,0.456612873279915,0.135310452754115,121,2019-06-09
"Mozambique",0.740809859038864,0.650661621632325,0.0901482374065391,122,2019-06-09
"Luxembourg",0.938291745308578,1.1403409670351,-0.202049221726521,123,2019-06-09
"Azerbaijan",0.826232852966031,1.08173988171561,-0.25550702874958,124,2019-06-09
"Nepal",0.525440773003055,0.880299511799197,-0.354858738796142,125,2019-06-09
"Laos",0.749770374639868,1.12369499674569,-0.373924622105821,126,2019-06-09
"Bermuda",0.691788705231602,1.10077443298476,-0.408985727753158,127,2019-06-09
"Bahrain",0.62898294541755,1.06895924184919,-0.439976296431639,128,2019-06-09
"Lebanon",0.696545515402223,1.35157870956271,-0.655033194160486,129,2019-06-09
"Barbados",-0.306929446365196,0.390493092058567,-0.697422538423762,130,2019-06-09
"Palestine",0.520186884365834,1.26627477010091,-0.746087885735076,131,2019-06-09
"St. Kitts and Nevis",0.609380751489963,1.42234417370711,-0.812963422217151,132,2019-06-09
"Bangladesh",0.309131854973539,1.20179114134578,-0.892659286372239,133,2019-06-09
"Cook Islands",0.0916301926517326,1.00144630126971,-0.909816108617982,134,2019-06-09
"Antigua and Barbuda",-0.468754665279092,0.458816625420535,-0.927571290699627,135,2019-06-09
"Fiji",0.340096285655028,1.43705469108981,-1.09695840543478,136,2019-06-09
"United Arab Emirates",-0.0648938084881888,1.07072741190544,-1.13562122039363,137,2019-06-09
"Samoa",-0.182859856708676,0.955161607356179,-1.13802146406485,138,2019-06-09
"St. Lucia",-0.0571715230019102,1.28230403380932,-1.33947555681123,139,2019-06-09
"Belize",-0.0367422982069578,1.38838865330586,-1.42513095151282,140,2019-06-09
"Kyrgyzstan",-0.0267892384766814,1.43852056479325,-1.46530980326993,141,2019-06-09
"Andorra",0.0371153581949055,1.53548240080232,-1.49836704260742,142,2019-06-09
"Indonesia",-0.413449201468209,1.10834196184998,-1.52179116331819,143,2019-06-09
"Cayman Islands",-0.00746215898114944,1.63181881931868,-1.63928097829983,144,2019-06-09
"Uganda",-0.494067736919878,1.25024444047641,-1.74431217739629,145,2019-06-09
"St. Vincent / Grenadines",-0.701143365009652,1.17334426785337,-1.87448763286302,146,2019-06-09
"Tonga",-0.649867243467935,1.25170544295397,-1.9015726864219,147,2019-06-09
"Maldives",-0.429840789026842,1.54985319785108,-1.97969398687792,148,2019-06-09
"Singapore",-0.993108201791046,1.14827349114976,-2.14138169294081,149,2019-06-09
"Solomon Islands",-0.407517494487747,1.9472211352253,-2.35473862971305,150,2019-06-09
"Tajikistan",-0.447851635753765,1.91661619726396,-2.36446783301773,151,2019-06-09
"US Virgin Islands",-1.45885431273807,0.907922030910614,-2.36677634364869,152,2019-06-09
"Grenada",-0.350698699933822,2.06185456417338,-2.4125532641072,153,2019-06-09
"Sri Lanka",-0.727489038522808,1.74137224222675,-2.46886128074956,154,2019-06-09
"Dominica",-1.02964681973453,1.53798514080386,-2.56763196053839,155,2019-06-09
"Pakistan",-0.411429578162593,2.20846700440616,-2.61989658256875,156,2019-06-09
"Afghanistan",-0.957799900911842,2.26247149855077,-3.22027139946262,157,2019-06-09
"Kuwait",-0.789292526821403,2.56270173910454,-3.35199426592594,158,2019-06-09
"Qatar",-1.52781541617591,1.9382918037114,-3.4661072198873,159,2019-06-09
"Bhutan",-1.62969002487095,2.62731635524477,-4.25700638011571,160,2019-06-09
"Malawi",-14.8525488244889,-0.179869942721101,-14.6726788817678,161,2019-06-09
"Suriname",-14.4175972060756,0.492941828735296,-14.9105390348109,162,2019-06-09
"Guam",-14.5273026888641,0.98960559979828,-15.5169082886624,163,2019-06-09
"Comoros",-14.2902883039745,1.50126758234131,-15.7915558863158,164,2019-06-09
"Libya",-14.692997592936,1.1797654384563,-15.8727630313923,165,2019-06-09
"Mauritius",-15.203917131936,1.30841849300953,-16.5123356249455,166,2019-06-09
"Burundi",-15.6073085613827,1.23355845592082,-16.8408670173035,167,2019-06-09
"Syria",-15.5008330980711,1.70992989738039,-17.2107629954515,168,2019-06-09
"Iraq",-16.1286715171218,1.6429834462177,-17.7716549633395,169,2019-06-09
"Aruba",-15.9572309840193,2.01358983739254,-17.9708208214118,170,2019-06-09
"Turks and Caicos Islands",-16.67366647734,2.11405080290865,-18.7877172802486,171,2019-06-09
"British Virgin Islands",-16.1936610505415,3.76127968571774,-19.9549407362593,172,2019-06-09
"Macau",-16.0883776084807,17.6235903037714,-33.7119679122521,173,2019-06-09
"Liberia",-17.3612435073109,NA,NA,174,2019-06-09
"Sierra Leone",-17.5482105182223,NA,NA,175,2019-06-09
"USA",3.61665014128092,-2.52980894675633,6.14645908803725,1,2019-06-10
"Germany",3.68767217208575,-2.37952235149668,6.06719452358243,2,2019-06-10
"France",3.34131533815865,-2.53684019445548,5.87815553261414,3,2019-06-10
"Brazil",3.2283213857194,-2.1724631823674,5.4007845680868,4,2019-06-10
"England",3.19832821860586,-2.17706706240029,5.37539528100615,5,2019-06-10
"Sweden",3.2183693299781,-2.12670644099582,5.34507577097392,6,2019-06-10
"Norway",3.20940285325385,-2.09005589963746,5.29945875289132,7,2019-06-10
"Canada",3.05543490791687,-2.19451117216218,5.24994608007905,8,2019-06-10
"Switzerland",3.43197589473932,-1.72993970791661,5.16191560265593,9,2019-06-10
"Netherlands",3.26164864488442,-1.85872603617693,5.12037468106135,10,2019-06-10
"Australia",3.25133836766573,-1.8617087876813,5.11304715534703,11,2019-06-10
"Japan",3.25503029347585,-1.83049885613922,5.08552914961508,12,2019-06-10
"Spain",2.94279211324578,-1.91404612443488,4.85683823768066,13,2019-06-10
"China PR",2.85454425205225,-1.97133312007558,4.82587737212783,14,2019-06-10
"Denmark",2.94633180408644,-1.82294151428335,4.76927331836978,15,2019-06-10
"Korea DPR",2.73005015990091,-2.03244632659301,4.76249648649392,16,2019-06-10
"Belgium",3.12333676360672,-1.53644414552067,4.65978090912739,17,2019-06-10
"Colombia",2.65560928946884,-1.89894852676731,4.55455781623616,18,2019-06-10
"Korea Republic",2.82894547693117,-1.66002083052112,4.48896630745229,19,2019-06-10
"Iceland",2.81236338268553,-1.65651611335371,4.46887949603925,20,2019-06-10
"Italy",2.9703411431374,-1.49625777151937,4.46659891465677,21,2019-06-10
"Nigeria",2.85789762532995,-1.54839998819665,4.4062976135266,22,2019-06-10
"Scotland",2.97729267418284,-1.33015738614371,4.30745006032655,23,2019-06-10
"New Zealand",2.54196200734471,-1.73715093706091,4.27911294440562,24,2019-06-10
"Austria",2.84000428837586,-1.31752166705452,4.15752595543038,25,2019-06-10
"Cameroon",2.50085784811902,-1.63523898143155,4.13609682955057,26,2019-06-10
"Mexico",2.6532139845021,-1.29899410119466,3.95220808569676,27,2019-06-10
"Paraguay",3.23632819976492,-0.70951527491803,3.94584347468295,28,2019-06-10
"Finland",2.5699147665697,-1.37169708558918,3.94161185215888,29,2019-06-10
"Ghana",2.46306897936995,-1.42871410261581,3.89178308198576,30,2019-06-10
"Republic of Ireland",2.40509957331058,-1.46332945997633,3.86842903328691,31,2019-06-10
"Ukraine",2.66563146483855,-1.17928968390072,3.84492114873927,32,2019-06-10
"South Africa",2.25856430082486,-1.58535815653114,3.843922457356,33,2019-06-10
"Russia",2.60814273643448,-1.19252273977088,3.80066547620536,34,2019-06-10
"Argentina",2.42236706175961,-1.36147982495463,3.78384688671424,35,2019-06-10
"Chile",2.26031773833293,-1.45396761985413,3.71428535818706,36,2019-06-10
"Costa Rica",2.50104501373996,-1.1592908283072,3.66033584204715,37,2019-06-10
"Equatorial Guinea",2.25782025851489,-1.3987465143242,3.65656677283909,38,2019-06-10
"Poland",2.56868320033374,-1.01701252670391,3.58569572703765,39,2019-06-10
"Romania",2.23583315829592,-1.24632626326636,3.48215942156228,40,2019-06-10
"Wales",2.20875439186217,-1.27272523665193,3.48147962851411,41,2019-06-10
"Portugal",2.41481000525987,-1.05933642406376,3.47414642932363,42,2019-06-10
"C担te d'Ivoire",2.40140040335887,-0.739037383510949,3.14043778686982,43,2019-06-10
"Czech Republic",2.29640852513296,-0.8146279352295,3.11103646036246,44,2019-06-10
"Hungary",2.49567699085433,-0.611371842482528,3.10704883333685,45,2019-06-10
"Croatia",1.97011796682325,-1.09616400625977,3.06628197308302,46,2019-06-10
"Jamaica",2.19357916000311,-0.764718112797699,2.95829727280081,47,2019-06-10
"Venezuela",2.14725523254927,-0.803353166228911,2.95060839877818,48,2019-06-10
"Slovakia",2.1543514874858,-0.760343909315981,2.91469539680178,49,2019-06-10
"Senegal",1.70869010610149,-1.15271958290501,2.86140968900651,50,2019-06-10
"Guinea",1.56596568557079,-1.29544400343565,2.86140968900644,51,2019-06-10
"Serbia",2.350503145078,-0.4745257083302,2.8250288534082,52,2019-06-10
"Zimbabwe",1.85566416012895,-0.951783455984819,2.80744761611377,53,2019-06-10
"Thailand",2.00994964088917,-0.768265481539131,2.7782151224283,54,2019-06-10
"Slovenia",2.32729307282165,-0.427690734481962,2.75498380730361,55,2019-06-10
"Vietnam",2.05195436429573,-0.596736368662623,2.64869073295836,56,2019-06-10
"Uruguay",2.27377062525439,-0.368988459281735,2.64275908453613,57,2019-06-10
"Bosnia and Herzegovina",1.62325524375018,-1.0114472418696,2.63470248561978,58,2019-06-10
"Trinidad and Tobago",1.84553676415411,-0.788926875056581,2.63446363921069,59,2019-06-10
"Ecuador",1.9855885917955,-0.622051593224234,2.60764018501974,60,2019-06-10
"Algeria",2.13013160062483,-0.469568447101193,2.59970004772602,61,2019-06-10
"Tunisia",2.1108555060241,-0.375507689139737,2.48636319516384,62,2019-06-10
"Gabon",2.69175143975693,0.23412334352082,2.45762809623611,63,2019-06-10
"Northern Ireland",1.72212630991847,-0.717999826008403,2.44012613592688,64,2019-06-10
"Zambia",1.8909003590096,-0.485480270076386,2.37638062908599,65,2019-06-10
"Haiti",1.60628717076983,-0.706875509981479,2.31316268075131,66,2019-06-10
"Turkey",1.87040170177187,-0.404717857495591,2.27511955926746,67,2019-06-10
"Mali",1.99699862082723,-0.235181264491057,2.23217988531828,68,2019-06-10
"Israel",1.43968877222063,-0.783252208016174,2.22294098023681,69,2019-06-10
"Namibia",1.82392833923667,-0.396110105042463,2.22003844427913,70,2019-06-10
"Egypt",1.71231407933775,-0.488788664019665,2.20110274335741,71,2019-06-10
"Chinese Taipei",1.44284237910322,-0.758024816856155,2.20086719595938,72,2019-06-10
"Greece",1.88808741631333,-0.292764672986344,2.18085208929968,73,2019-06-10
"Myanmar",1.90207865371747,-0.246166015738944,2.14824466945641,74,2019-06-10
"Tanzania",1.88734976627855,-0.243864791647868,2.13121455792642,75,2019-06-10
"Cuba",1.28804193322138,-0.77696016109372,2.0650020943151,76,2019-06-10
"Panama",2.02128537676159,-0.0071926759797436,2.02847805274134,77,2019-06-10
"Belarus",1.6835992561729,-0.312568614393955,1.99616787056686,78,2019-06-10
"Guyana",1.6681596446333,-0.253797526077551,1.92195717071085,79,2019-06-10
"Guatemala",1.57994677769257,-0.323470431659818,1.90341720935239,80,2019-06-10
"Ethiopia",1.20986967373191,-0.662778164405462,1.87264783813738,81,2019-06-10
"Kazakhstan",1.39125144567015,-0.447268162734311,1.83851960840446,82,2019-06-10
"Jordan",1.5639708235358,-0.247005204241019,1.81097602777681,83,2019-06-10
"Kenya",1.23996666936956,-0.508595913760807,1.74856258313037,84,2019-06-10
"Peru",0.477288613826041,-1.26852163946793,1.74581025329397,85,2019-06-10
"Bolivia",1.65529610645727,-0.0618498750686105,1.71714598152588,86,2019-06-10
"Rwanda",1.74833108308963,0.0735994146345718,1.67473166845505,87,2019-06-10
"Uzbekistan",1.44594957787033,-0.170514230865769,1.6164638087361,88,2019-06-10
"El Salvador",1.39345368550581,-0.208545767982943,1.60199945348875,89,2019-06-10
"Faroe Islands",1.5033845116821,-0.0834514972535745,1.58683600893568,90,2019-06-10
"Montenegro",1.66737300738678,0.270825568425245,1.39654743896154,91,2019-06-10
"Botswana",1.4041940257939,0.012416442196407,1.39177758359749,92,2019-06-10
"Morocco",0.595980839997832,-0.758907786415275,1.35488862641311,93,2019-06-10
"Martinique",1.55866355213441,0.207157526570522,1.35150602556389,94,2019-06-10
"Puerto Rico",1.32685304474759,0.0517283348996873,1.2751247098479,95,2019-06-10
"Honduras",1.7232403285134,0.467752174969388,1.25548815354401,96,2019-06-10
"Moldova",0.861204049634545,-0.388320298534048,1.24952434816859,97,2019-06-10
"Albania",1.13575303433397,-0.0986596605242007,1.23441269485817,98,2019-06-10
"Bulgaria",1.42226595444983,0.225515692441361,1.19675026200847,99,2019-06-10
"Lesotho",2.00971357091113,0.837714535677064,1.17199903523406,100,2019-06-10
"Georgia",1.21460406265716,0.0526354267573361,1.16196863589983,101,2019-06-10
"Malta",1.11205497527921,-0.00800443997814559,1.12005941525735,102,2019-06-10
"Philippines",1.29804156174295,0.189197570858326,1.10884399088462,103,2019-06-10
"Estonia",1.02903862976287,-0.0631672883181609,1.09220591808103,104,2019-06-10
"Iran",1.44517000938338,0.476543415291588,0.968626594091796,105,2019-06-10
"Dominican Republic",1.68579583960929,0.721540305479554,0.964255534129736,106,2019-06-10
"Cyprus",0.961510667237676,0.0709652293887189,0.890545437848957,107,2019-06-10
"Madagascar",0.936170911579541,0.107664365540042,0.828506546039499,108,2019-06-10
"FYR Macedonia",1.31385018647661,0.567563145489864,0.746287040986744,109,2019-06-10
"Congo",0.670508723047194,-0.0519228907199523,0.722431613767146,110,2019-06-10
"Papua New Guinea",1.05017275138609,0.410773351501807,0.639399399884288,111,2019-06-10
"Burkina Faso",0.209864273675214,-0.311973915496135,0.521838189171349,112,2019-06-10
"Nicaragua",0.457233245937315,-0.0576602978834764,0.514893543820791,113,2019-06-10
"Kosovo",1.3071294308817,0.797186760507884,0.509942670373815,114,2019-06-10
"Swaziland",1.40838397067192,0.905811553685129,0.502572416986792,115,2019-06-10
"India",0.979362692812001,0.569447660673594,0.409915032138407,116,2019-06-10
"New Caledonia",1.23617739766607,0.846684227239785,0.389493170426282,117,2019-06-10
"Latvia",0.914259095671704,0.534167148841983,0.38009194682972,118,2019-06-10
"Hong Kong",0.501652648798555,0.12563223025761,0.376020418540944,119,2019-06-10
"Lithuania",0.660369301750398,0.474977070265291,0.185392231485107,120,2019-06-10
"Malaysia",0.588810204225089,0.460360497224464,0.128449707000625,121,2019-06-10
"Mozambique",0.738122778073398,0.65250190991207,0.0856208681613272,122,2019-06-10
"Luxembourg",0.938404041801996,1.14094903219346,-0.202544990391469,123,2019-06-10
"Azerbaijan",0.824571006574996,1.08452634939403,-0.259955342819031,124,2019-06-10
"Nepal",0.522789591880077,0.883635156110195,-0.360845564230117,125,2019-06-10
"Laos",0.746541195321463,1.12744422439219,-0.380903029070725,126,2019-06-10
"Bermuda",0.694626603461133,1.09924144312892,-0.404614839667783,127,2019-06-10
"Bahrain",0.62608867821481,1.07244468392408,-0.446356005709272,128,2019-06-10
"Lebanon",0.694197182999848,1.35452155788544,-0.660324374885594,129,2019-06-10
"Barbados",-0.304629400671763,0.388804083992244,-0.693433484664007,130,2019-06-10
"Palestine",0.516864022737318,1.26971973846617,-0.752855715728856,131,2019-06-10
"St. Kitts and Nevis",0.611951950934752,1.42055064525989,-0.808598694325143,132,2019-06-10
"Bangladesh",0.306612560526358,1.20515412519496,-0.898541564668603,133,2019-06-10
"Cook Islands",0.091481265345419,1.00257647517456,-0.911095209829137,134,2019-06-10
"Antigua and Barbuda",-0.466404915704996,0.457006308946421,-0.923411224651417,135,2019-06-10
"Fiji",0.339896659401522,1.43821150945861,-1.09831485005709,136,2019-06-10
"Samoa",-0.182990828448908,0.956332505254549,-1.13932333370346,137,2019-06-10
"United Arab Emirates",-0.0673131130484954,1.07288826431385,-1.14020137736234,138,2019-06-10
"St. Lucia",-0.0540098607155558,1.28045798470294,-1.33446784541849,139,2019-06-10
"Belize",-0.034355980490722,1.38675066201192,-1.42110664250264,140,2019-06-10
"Kyrgyzstan",-0.0301415715279041,1.44255166542036,-1.47269323694827,141,2019-06-10
"Andorra",0.0376258161162766,1.53630388666931,-1.49867807055303,142,2019-06-10
"Indonesia",-0.416002874089738,1.11217026416038,-1.52817313825012,143,2019-06-10
"Cayman Islands",-0.00473483009441389,1.63016544609791,-1.63490027619232,144,2019-06-10
"Uganda",-0.496610239220472,1.25272097497611,-1.74933121419658,145,2019-06-10
"St. Vincent / Grenadines",-0.69836799416575,1.17142628858757,-1.86979428275332,146,2019-06-10
"Tonga",-0.650001182001476,1.25282927649117,-1.90283045849264,147,2019-06-10
"Maldives",-0.432342994784038,1.55288018436796,-1.98522317915199,148,2019-06-10
"Singapore",-0.9959607528981,1.15209895858609,-2.14805971148419,149,2019-06-10
"Solomon Islands",-0.407610050824693,1.94840967051418,-2.35601972133887,150,2019-06-10
"US Virgin Islands",-1.45605595789165,0.90605523159531,-2.36211118948696,151,2019-06-10
"Tajikistan",-0.451125779429968,1.91987771692146,-2.37100349635143,152,2019-06-10
"Grenada",-0.34793340397449,2.06010773168082,-2.40804113565531,153,2019-06-10
"Sri Lanka",-0.729974119409327,1.74489245509605,-2.47486657450538,154,2019-06-10
"Dominica",-1.02653581465747,1.53614104023427,-2.56267685489173,155,2019-06-10
"Pakistan",-0.41458293040923,2.21168590722837,-2.6262688376376,156,2019-06-10
"Afghanistan",-0.960005196377229,2.2659123688722,-3.22591756524943,157,2019-06-10
"Kuwait",-0.791960591685444,2.56611752546983,-3.35807811715528,158,2019-06-10
"Qatar",-1.53066529965471,1.94171796187292,-3.47238326152763,159,2019-06-10
"Bhutan",-1.63210982373535,2.63095662452899,-4.26306644826434,160,2019-06-10
"Malawi",-14.8544082110906,-0.176989349373095,-14.6774188617175,161,2019-06-10
"Suriname",-14.414695895198,0.490812480455673,-14.9055083756537,162,2019-06-10
"Guam",-14.5306984192708,0.992637223816986,-15.5233356430877,163,2019-06-10
"Comoros",-14.2935443239766,1.5031825989882,-15.7967269229648,164,2019-06-10
"Libya",-14.6959246173601,1.18384198723294,-15.8797666045931,165,2019-06-10
"Mauritius",-15.205371307263,1.31163716986598,-16.517008477129,166,2019-06-10
"Burundi",-15.6089357488795,1.23663492889796,-16.8455706777775,167,2019-06-10
"Syria",-15.5038144904838,1.71384678018954,-17.2176612706734,168,2019-06-10
"Iraq",-16.1314227291836,1.64679297133892,-17.7782157005225,169,2019-06-10
"Aruba",-15.9544164209255,2.01183735951827,-17.9662537804438,170,2019-06-10
"Turks and Caicos Islands",-16.6716256270046,2.11183620814811,-18.7834618351527,171,2019-06-10
"British Virgin Islands",-16.1914270879348,3.75898033688866,-19.9504074248235,172,2019-06-10
"Macau",-16.0909102264871,17.6273531972961,-33.7182634237832,173,2019-06-10
"Liberia",-17.3641853714947,NA,NA,174,2019-06-10
"Sierra Leone",-17.5512842255821,NA,NA,175,2019-06-10
